{
    "name": "custom.remote.python.external_dns",
    "version": "1.001",
    "type": "python",
    "entity": "CUSTOM_DEVICE",
    "technologies": ["DNS"],
    "metricGroup": "tech.DNS",
    "source": {
        "package": "dns_extension",
        "className": "DNSExtension",
        "install_requires": ["dnspython3"],
        "activation": "Remote"
    },
    "properties": [
        {
            "key": "api_url",
            "type": "String"
        },
        {
            "key": "api_token",
            "type": "Password"
        },
        {
            "key": "test_name",
            "type": "String"
        },
        {
            "key": "dns_server",
            "type": "String"
        },
                {
            "key": "host",
            "type": "String"
        },
        {
            "key": "test_location",
            "type": "String"
        },
        {
            "key": "log_level",
            "type": "Dropdown",
            "dropdownValues": ["INFO", "DEBUG"]
        },
        {
            "key": "frequency",
            "type": "String"
        }

    ],
    "configUI": {
        "displayName": "DNS",
        "properties": [
            {
                "key": "api_url",
                "displayName": "Tenant URL",
                "displayHint": "https://<my.managed.host>/e/<tenant_id> or https://<tenant_id>.live.dynatrace.com",
                "displayOrder": 1
            },
            {
                "key": "api_token",
                "displayName": "API Token",
                "displayHint": "Requires \"Create and read synthetic monitors, locations, and nodes\" permission",
                "displayOrder": 2
            },
            {
                "key": "test_name",
                "displayName": "Test name",
                "displayOrder": 3
            },
            {
                "key": "dns_server",
                "displayName": "DNS server",
                "displayHint": "IP address or hostname",
                "displayOrder": 4
            },
            {
                "key": "host",
                "displayName": "Hostname to resolve",
                "displayOrder": 5
            },
            {
                "key": "frequency",
                "displayName": "(Optional) Frequency",
                "displayHint": "Frequency in minutes",
                "displayOrder": 6
            },
            {
                "key": "test_location",
                "displayName": "(Optional) Location name",
                "displayOrder": 7
            },
            {
                "key": "log_level",
                "displayName": "Log level",
                "displayOrder": 8

            }
        ]
    },
    "metrics": [{
        "entity": "CUSTOM_DEVICE",
        "timeseries": {
            "key": "dns_extension_tests",
            "unit": "Count",
            "displayname": "DNS Extension - Checks"
        }}
    ]

}