{
    "name": "custom.remote.python.thirdparty_linux_commands",
    "version": "1.021",
    "type": "python",
    "entity": "CUSTOM_DEVICE",
    "technologies": [
        "Remote Linux"
    ],
    "metricGroup": "tech.Linux",
    "source": {
        "package": "linux_commands",
        "className": "LinuxCommandsExtension",
        "install_requires": [
            "paramiko",
            "dt>=1.1.58",
            "charset-normalizer<3",
            "cryptography<=37.0.4"
        ]
    },
    "activation": "Remote",
    "properties": [
        {
            "key": "api_token",
            "type": "Password"
        },
        {
            "key": "test_name",
            "type": "String"
        },
        {
            "key": "hostname",
            "type": "String"
        },
        {
            "key": "username",
            "type": "String"
        },
        {
            "key": "password",
            "type": "Password"
        },
        {
            "key": "second_username",
            "type": "String"
        },
        {
            "key": "second_password",
            "type": "Password"
        },
        {
            "key": "ssh_key_file",
            "type": "String"
        },
        {
            "key": "ssh_key_passphrase",
            "type": "Password"
        },
        {
            "key": "frequency",
            "type": "String",
            "defaultValue": "15"
        },
        {
            "key": "port",
            "type": "String",
            "defaultValue": "22"
        },
        {
            "key": "output_evaluation",
            "type": "Dropdown",
            "dropdownValues": [
                "TEXT_PATTERN_MATCH",
                "NUMERIC_VALUE_COMPARISON"
            ],
            "defaultValue": "TEXT_PATTERN_MATCH"
        },
        {
            "key": "location",
            "type": "String",
            "defaultValue": "ActiveGate"
        },
        {
            "key": "command",
            "type": "String"
        },
        {
            "key": "validation_numeric_operator",
            "type": "Dropdown",
            "dropdownValues": [
                "",
                "==",
                "!=",
                ">",
                "<",
                ">=",
                "<="
            ],
            "defaultValue": ""
        },
        {
            "key": "validation_numeric_value",
            "type": "String"
        },
        {
            "key": "validation_pattern",
            "type": "String"
        },
        {
            "key": "log_level",
            "type": "Dropdown",
            "dropdownValues": [
                "INFO",
                "DEBUG"
            ],
            "defaultValue": "INFO"
        },
        {
            "key": "proxy_address",
            "type": "String"
        },
        {
            "key": "proxy_username",
            "type": "String"
        },
        {
            "key": "proxy_password",
            "type": "Password"
        },
        {
            "key": "failure_count",
            "type": "Integer",
            "defaultValue": 1
        }
    ],
    "configUI": {
        "displayName": "Linux Commands",
        "properties": [
            {
                "key": "test_name",
                "displayName": "(Optional) Synthetic test name",
                "displayHint": "Custom test name. Defaults to \"<hostname> (<command>)\"",
                "displayOrder": 1
            },
            {
                "key": "api_token",
                "displayName": "Dynatrace API Token",
                "displayHint": "Requires \"Create and read synthetic monitors, locations, and nodes\" permission",
                "displayOrder": 3
            },
            {
                "key": "hostname",
                "displayName": "Hostname",
                "displayOrder": 4
            },
            {
                "key": "port",
                "displayName": "SSH Port",
                "displayOrder": 5
            },
            {
                "key": "username",
                "displayName": "Username",
                "displayOrder": 6
            },
            {
                "key": "password",
                "displayName": "Password",
                "displayOrder": 7
            },
            {
                "key": "second_username",
                "displayName": "(Optional) Second username",
                "displayHint": "Only needed if command should be run by a different user than the one used for login (su <second_user> -c <command>)",
                "displayOrder": 8
            },
            {
                "key": "second_password",
                "displayName": "(Optional) Second password",
                "displayHint": "Only needed if command should be run by a different user than the one used for login",
                "displayOrder": 9
            },
            {
                "key": "ssh_key_file",
                "displayName": "(Optional) Private key file",
                "displayHint": "Path to a private key file to use for authentication",
                "displayOrder": 10
            },
            {
                "key": "ssh_key_passphrase",
                "displayName": "(Optional) Private key passphrase",
                "displayHint": "The private key passphrase if the key file uses one",
                "displayOrder": 11
            },
            {
                "key": "command",
                "displayName": "Command to run",
                "displayOrder": 12
            },
            {
                "key": "output_evaluation",
                "displayName": "Evaluation mode",
                "displayOrder": 13
            },
            {
                "key": "validation_numeric_operator",
                "displayName": "(Numeric comparison) Operator",
                "displayHint": "The operator to use for numerical evaluation of the output.",
                "displayOrder": 14
            },
            {
                "key": "validation_numeric_value",
                "displayName": "(Numeric comparison) Comparison value",
                "displayHint": "The value to compare against in case of numerical evaluation of the output.",
                "displayOrder": 15
            },
            {
                "key": "validation_pattern",
                "displayName": "(Text comparison) Pattern to match",
                "displayHint": "A pattern to match text output against. Supports regular expressions.",
                "displayOrder": 16
            },
            {
                "key": "frequency",
                "displayName": "Execution frequency",
                "displayHint": "Command execution frequency (in minutes).",
                "displayOrder": 17
            },
            {
                "key": "location",
                "displayName": "Synthetic test location",
                "displayHint": "A custom name for the Synthetic Test location.",
                "displayOrder": 18
            },
            {
                "key": "failure_count",
                "displayName": "Failure count",
                "displayHint": "The number of consecutive failures required for an Outage to be reported",
                "defaultValue": 1,
                "displayOrder": 19
            },
            {
                "key": "proxy_address",
                "displayName": "(Optional) Proxy address",
                "defaultValue": "Only needed if the Dynatrace tenant must be accessed through a proxy.",
                "displayOrder": 20
            },
            {
                "key": "proxy_username",
                "displayName": "(Optional) Proxy username",
                "defaultValue": "Only needed if the Dynatrace tenant must be accessed through a proxy.",
                "displayOrder": 21
            },
            {
                "key": "proxy_password",
                "displayName": "(Optional) Proxy password",
                "defaultValue": "Only needed if the Dynatrace tenant must be accessed through a proxy.",
                "displayOrder": 22
            },
            {
                "key": "log_level",
                "displayName": "Log level",
                "displayOrder": 23
            }
        ]
    },
    "metrics": [],
    "ui": {}
}