{
	"name": "custom.remote.python.external_port",
	"version": "1.005",
	"metricGroup": "tech.Port", 
	"type": "python",
	"entity": "CUSTOM_DEVICE",
	"processTypeNames": ["PYTHON"],
	"technologies": ["Port"],
	"source": {
		"package": "port_extension",
		"className": "PortExtension",
		"install_requires": [],
		"activation": "Remote"
	},
	"properties": [
        {
            "key": "api_url",
            "type": "String"
        },
        {
            "key": "api_token",
            "type": "Password"
        },
        {
            "key": "test_name",
            "type": "String"
        },
        {
            "key": "test_target_ip",
            "type": "String"
        },
        {
            "key": "test_target_ports",
            "type": "String"
        },
        {
            "key": "test_location",
            "type": "String"
        },
        {
            "key": "log_level",
            "type": "Dropdown",
            "dropdownValues": ["INFO", "DEBUG"]
        },
        {
            "key": "frequency",
            "type": "String"
        }

    ],
    "configUI": {
        "displayName": "Port check",
        "properties": [
            {
                "key": "api_url",
                "displayName": "Tenant URL",
                "displayHint": "https://<my.managed.host>/e/<tenant_id> or https://<tenant_id>.live.dynatrace.com",
                "displayOrder": 1
            },
            {
                "key": "api_token",
                "displayName": "API Token",
                "displayHint": "Requires \"Create and read synthetic monitors, locations, and nodes\" permission",
                "displayOrder": 2
            },
            {
                "key": "test_name",
                "displayName": "Test name",
                "displayOrder": 3
            },
            {
                "key": "test_target_ip",
                "displayName": "Test target IP",
                "displayHint": "IP address or hostname",
                "displayOrder": 4
            },
			{
                "key": "test_target_ports",
                "displayName": "Test target Ports",
                "displayHint": "Ports, separated by comma",
                "displayOrder": 4
            },
                        {
                "key": "frequency",
                "displayName": "(Optional) Frequency",
                "displayHint": "Frequency in minutes",
                "displayOrder": 5
            },
            {
                "key": "test_location",
                "displayName": "(Optional) Location name",
                "displayOrder": 6
            },
            {
                "key": "log_level",
                "displayName": "Log level",
                "displayOrder": 7

            }
        ]
    },
    "metrics": [{
        "entity": "CUSTOM_DEVICE",
        "timeseries": {
            "key": "port_extension_tests",
            "unit": "Count",
            "displayname": "Port Check - Tests"
        }}
    ]
}
